﻿RANK,PRODUCTION METHODS,MOVIES,TOTAL GROSS,AVERAGE GROSS,MARKET SHARE
1,Live Action,"14,613","$179,637,201,848 ","$12,292,972 ",75.56%
2,Animation/Live Action,264,"$30,346,622,254 ","$114,949,327 ",12.76%
3,Digital Animation,365,"$23,920,180,508 ","$65,534,741 ",10.06%
4,Hand Animation,164,"$2,960,497,487 ","$18,051,814 ",1.25%
5,Stop-Motion Animation,37,"$676,490,120 ","$18,283,517 ",0.28%
6,Multiple Production Methods,26,"$43,728,300 ","$1,681,858 ",0.02%
7,Rotoscoping,4,"$8,468,385 ","$2,117,096 ",0.00%
